{
    "00": {
        "CellEnsembleAttributeMatrixName": "CellEnsembleData",
        "CrystalStructuresArrayName": "CrystalStructures",
        "Filter_Enabled": true,
        "Filter_Human_Label": "StatsGenerator",
        "Filter_Name": "StatsGeneratorFilter",
        "Filter_Uuid": "{f642e217-4722-5dd8-9df9-cee71e7b26ba}",
        "PhaseNamesArrayName": "PhaseName",
        "PhaseTypesArrayName": "PhaseTypes",
        "StatsDataArray": {
            "1": {
                "AxisODF-Weights": {},
                "Bin Count": 1,
                "BinNumber": [
                    0.03174564242362976
                ],
                "BoundaryArea": 0,
                "Crystal Symmetry": 1,
                "FeatureSize Distribution": {
                    "Average": -1.100000023841858,
                    "Standard Deviation": 0.4699999988079071
                },
                "FeatureSize Vs B Over A Distributions": {
                    "Alpha": [
                        2.5
                    ],
                    "Beta": [
                        2.0999999046325684
                    ],
                    "Distribution Type": "Beta Distribution"
                },
                "FeatureSize Vs C Over A Distributions": {
                    "Alpha": [
                        2.5
                    ],
                    "Beta": [
                        1.899999976158142
                    ],
                    "Distribution Type": "Beta Distribution"
                },
                "FeatureSize Vs Neighbors Distributions": {
                    "Average": [
                        2.079441547393799
                    ],
                    "Distribution Type": "Log Normal Distribution",
                    "Standard Deviation": [
                        0
                    ]
                },
                "FeatureSize Vs Omega3 Distributions": {
                    "Alpha": [
                        10.994569778442383
                    ],
                    "Beta": [
                        1.8133455514907837
                    ],
                    "Distribution Type": "Beta Distribution"
                },
                "Feature_Diameter_Info": [
                    4.000999927520752,
                    3.490342617034912,
                    0.03174564242362976
                ],
                "MDF-Weights": {},
                "Name": "A",
                "ODF-Weights": {},
                "PhaseFraction": 0.09000000357627869,
                "PhaseType": "Primary"
            },
            "2": {
                "AxisODF-Weights": {},
                "Bin Count": 1,
                "BinNumber": [
                    0.043282803148031235
                ],
                "BoundaryArea": 0,
                "Crystal Symmetry": 1,
                "FeatureSize Distribution": {
                    "Average": -0.6399999856948853,
                    "Standard Deviation": 0.5
                },
                "FeatureSize Vs B Over A Distributions": {
                    "Alpha": [
                        3
                    ],
                    "Beta": [
                        2.799999952316284
                    ],
                    "Distribution Type": "Beta Distribution"
                },
                "FeatureSize Vs C Over A Distributions": {
                    "Alpha": [
                        4.099999904632568
                    ],
                    "Beta": [
                        3.140000104904175
                    ],
                    "Distribution Type": "Beta Distribution"
                },
                "FeatureSize Vs Neighbors Distributions": {
                    "Average": [
                        2.079441547393799
                    ],
                    "Distribution Type": "Log Normal Distribution",
                    "Standard Deviation": [
                        0
                    ]
                },
                "FeatureSize Vs Omega3 Distributions": {
                    "Alpha": [
                        10.65463924407959
                    ],
                    "Beta": [
                        1.7188936471939087
                    ],
                    "Distribution Type": "Beta Distribution"
                },
                "Feature_Diameter_Info": [
                    6.5,
                    6.423737049102783,
                    0.043282803148031235
                ],
                "MDF-Weights": {},
                "Name": "FM",
                "ODF-Weights": {},
                "PhaseFraction": 0.07999999821186066,
                "PhaseType": "Primary"
            },
            "3": {
                "AxisODF-Weights": {},
                "Bin Count": 1,
                "BinNumber": [
                    0.09536916762590408
                ],
                "BoundaryArea": 0,
                "Crystal Symmetry": 1,
                "FeatureSize Distribution": {
                    "Average": 1.100000023841858,
                    "Standard Deviation": 0.6899999976158142
                },
                "FeatureSize Vs B Over A Distributions": {
                    "Alpha": [
                        4.099999904632568
                    ],
                    "Beta": [
                        3.1500000953674316
                    ],
                    "Distribution Type": "Beta Distribution"
                },
                "FeatureSize Vs C Over A Distributions": {
                    "Alpha": [
                        9.666923522949219
                    ],
                    "Beta": [
                        21.651458740234375
                    ],
                    "Distribution Type": "Beta Distribution"
                },
                "FeatureSize Vs Neighbors Distributions": {
                    "Average": [
                        2.079441547393799
                    ],
                    "Distribution Type": "Log Normal Distribution",
                    "Standard Deviation": [
                        0
                    ]
                },
                "FeatureSize Vs Omega3 Distributions": {
                    "Alpha": [
                        10.513543128967285
                    ],
                    "Beta": [
                        1.5626873970031738
                    ],
                    "Distribution Type": "Beta Distribution"
                },
                "Feature_Diameter_Info": [
                    95.5,
                    94.6324234008789,
                    0.09536916762590408
                ],
                "MDF-Weights": {},
                "Name": "F",
                "ODF-Weights": {},
                "PhaseFraction": 0.23000000417232513,
                "PhaseType": "Primary"
            },
            "4": {
                "AxisODF-Weights": {},
                "Bin Count": 1,
                "BinNumber": [
                    0.12368714809417725
                ],
                "BoundaryArea": 0,
                "Crystal Symmetry": 1,
                "FeatureSize Distribution": {
                    "Average": 0.6600000262260437,
                    "Standard Deviation": 0.550000011920929
                },
                "FeatureSize Vs B Over A Distributions": {
                    "Alpha": [
                        3
                    ],
                    "Beta": [
                        3.4000000953674316
                    ],
                    "Distribution Type": "Beta Distribution"
                },
                "FeatureSize Vs C Over A Distributions": {
                    "Alpha": [
                        3.799999952316284
                    ],
                    "Beta": [
                        4
                    ],
                    "Distribution Type": "Beta Distribution"
                },
                "FeatureSize Vs Neighbors Distributions": {
                    "Average": [
                        2.6390573978424072
                    ],
                    "Distribution Type": "Log Normal Distribution",
                    "Standard Deviation": [
                        0
                    ]
                },
                "FeatureSize Vs Omega3 Distributions": {
                    "Alpha": [
                        10.116257667541504
                    ],
                    "Beta": [
                        1.9397927522659302
                    ],
                    "Distribution Type": "Beta Distribution"
                },
                "Feature_Diameter_Info": [
                    30.5,
                    30.265247344970703,
                    0.12368714809417725
                ],
                "MDF-Weights": {},
                "Name": "TMB",
                "ODF-Weights": {},
                "PhaseFraction": 0.6000000238418579,
                "PhaseType": "Primary"
            },
            "Name": "Statistics",
            "Phase Count": 5
        },
        "StatsDataArrayName": "Statistics",
        "StatsGeneratorDataContainerName": "StatsGeneratorDataContainer"
    },
    "01": {
        "BoxDimensions": "X Range: 0 to 15 (Delta: 15)\nY Range: 0 to 15 (Delta: 15)\nZ Range: 0 to 15 (Delta: 15)",
        "CellAttributeMatrixName": "CellData",
        "DataContainerName": "SyntheticVolumeDataContainer",
        "Dimensions": {
            "x": 50,
            "y": 50,
            "z": 50
        },
        "EnsembleAttributeMatrixName": "CellEnsembleData",
        "EstimateNumberOfFeatures": 1,
        "EstimatedPrimaryFeatures": "5983",
        "FilterVersion": "6.5.160",
        "Filter_Enabled": true,
        "Filter_Human_Label": "Initialize Synthetic Volume",
        "Filter_Name": "InitializeSyntheticVolume",
        "Filter_Uuid": "{c2ae366b-251f-5dbd-9d70-d790376c0c0d}",
        "InputPhaseTypesArrayPath": {
            "Attribute Matrix Name": "CellEnsembleData",
            "Data Array Name": "PhaseTypes",
            "Data Container Name": "StatsGeneratorDataContainer"
        },
        "InputStatsArrayPath": {
            "Attribute Matrix Name": "CellEnsembleData",
            "Data Array Name": "Statistics",
            "Data Container Name": "StatsGeneratorDataContainer"
        },
        "Origin": {
            "x": 0,
            "y": 0,
            "z": 0
        },
        "Resolution": {
            "x": 0.30000001192092896,
            "y": 0.30000001192092896,
            "z": 0.30000001192092896
        }
    },
    "02": {
        "FilterVersion": "6.5.160",
        "Filter_Enabled": true,
        "Filter_Human_Label": "Establish Shape Types",
        "Filter_Name": "EstablishShapeTypes",
        "Filter_Uuid": "{4edbbd35-a96b-5ff1-984a-153d733e2abb}",
        "InputPhaseTypesArrayPath": {
            "Attribute Matrix Name": "CellEnsembleData",
            "Data Array Name": "PhaseTypes",
            "Data Container Name": "StatsGeneratorDataContainer"
        },
        "ShapeTypeData": [
            999,
            0,
            0,
            0,
            0
        ],
        "ShapeTypesArrayName": "ShapeTypes"
    },
    "03": {
        "CellPhasesArrayName": "Phases",
        "FeatureGeneration": 0,
        "FeatureIdsArrayName": "FeatureIds",
        "FeatureInputFile": "/scratch/project_2007935/dream3d_single/postProc",
        "FeaturePhasesArrayName": "Phases",
        "FilterVersion": "6.5.160",
        "Filter_Enabled": true,
        "Filter_Human_Label": "Pack Primary Phases",
        "Filter_Name": "PackPrimaryPhases",
        "Filter_Uuid": "{84305312-0d10-50ca-b89a-fda17a353cc9}",
        "InputPhaseNamesArrayPath": {
            "Attribute Matrix Name": "CellEnsembleData",
            "Data Array Name": "PhaseName",
            "Data Container Name": "StatsGeneratorDataContainer"
        },
        "InputPhaseTypesArrayPath": {
            "Attribute Matrix Name": "CellEnsembleData",
            "Data Array Name": "PhaseTypes",
            "Data Container Name": "StatsGeneratorDataContainer"
        },
        "InputShapeTypesArrayPath": {
            "Attribute Matrix Name": "CellEnsembleData",
            "Data Array Name": "ShapeTypes",
            "Data Container Name": "StatsGeneratorDataContainer"
        },
        "InputStatsArrayPath": {
            "Attribute Matrix Name": "CellEnsembleData",
            "Data Array Name": "Statistics",
            "Data Container Name": "StatsGeneratorDataContainer"
        },
        "MaskArrayPath": {
            "Attribute Matrix Name": "",
            "Data Array Name": "",
            "Data Container Name": ""
        },
        "NewAttributeMatrixPath": {
            "Attribute Matrix Name": "Synthetic Shape Parameters (Primary Phase)",
            "Data Array Name": "",
            "Data Container Name": "SyntheticVolumeDataContainer"
        },
        "NumFeaturesArrayName": "NumFeatures",
        "OutputCellAttributeMatrixPath": {
            "Attribute Matrix Name": "CellData",
            "Data Array Name": "",
            "Data Container Name": "SyntheticVolumeDataContainer"
        },
        "OutputCellEnsembleAttributeMatrixName": "CellEnsembleData",
        "OutputCellFeatureAttributeMatrixName": "Grain Data",
        "PeriodicBoundaries": 0,
        "SaveGeometricDescriptions": 0,
        "SelectedAttributeMatrixPath": {
            "Attribute Matrix Name": "",
            "Data Array Name": "",
            "Data Container Name": ""
        },
        "UseMask": 0
    },
    "04": {
        "BoundaryCellsArrayName": "BoundaryCells",
        "CellFeatureAttributeMatrixPath": {
            "Attribute Matrix Name": "Grain Data",
            "Data Array Name": "",
            "Data Container Name": "SyntheticVolumeDataContainer"
        },
        "FeatureIdsArrayPath": {
            "Attribute Matrix Name": "CellData",
            "Data Array Name": "FeatureIds",
            "Data Container Name": "SyntheticVolumeDataContainer"
        },
        "FilterVersion": "6.5.160",
        "Filter_Enabled": true,
        "Filter_Human_Label": "Find Feature Neighbors",
        "Filter_Name": "FindNeighbors",
        "Filter_Uuid": "{97cf66f8-7a9b-5ec2-83eb-f8c4c8a17bac}",
        "NeighborListArrayName": "NeighborList",
        "NumNeighborsArrayName": "NumNeighbors",
        "SharedSurfaceAreaListArrayName": "SharedSurfaceAreaList",
        "StoreBoundaryCells": 0,
        "StoreSurfaceFeatures": 1,
        "SurfaceFeaturesArrayName": "SurfaceFeatures"
    },
    "05": {
        "AvgQuatsArrayName": "AvgQuats",
        "CellEulerAnglesArrayName": "EulerAngles",
        "CrystalStructuresArrayPath": {
            "Attribute Matrix Name": "CellEnsembleData",
            "Data Array Name": "CrystalStructures",
            "Data Container Name": "StatsGeneratorDataContainer"
        },
        "FeatureEulerAnglesArrayName": "EulerAngles",
        "FeatureIdsArrayPath": {
            "Attribute Matrix Name": "CellData",
            "Data Array Name": "FeatureIds",
            "Data Container Name": "SyntheticVolumeDataContainer"
        },
        "FeaturePhasesArrayPath": {
            "Attribute Matrix Name": "Grain Data",
            "Data Array Name": "Phases",
            "Data Container Name": "SyntheticVolumeDataContainer"
        },
        "FilterVersion": "6.5.160",
        "Filter_Enabled": true,
        "Filter_Human_Label": "Match Crystallography",
        "Filter_Name": "MatchCrystallography",
        "Filter_Uuid": "{7bfb6e4a-6075-56da-8006-b262d99dff30}",
        "InputStatsArrayPath": {
            "Attribute Matrix Name": "CellEnsembleData",
            "Data Array Name": "Statistics",
            "Data Container Name": "StatsGeneratorDataContainer"
        },
        "MaxIterations": 100000,
        "NeighborListArrayPath": {
            "Attribute Matrix Name": "Grain Data",
            "Data Array Name": "NeighborList",
            "Data Container Name": "SyntheticVolumeDataContainer"
        },
        "NumFeaturesArrayPath": {
            "Attribute Matrix Name": "CellEnsembleData",
            "Data Array Name": "NumFeatures",
            "Data Container Name": "SyntheticVolumeDataContainer"
        },
        "PhaseTypesArrayPath": {
            "Attribute Matrix Name": "CellEnsembleData",
            "Data Array Name": "PhaseTypes",
            "Data Container Name": "StatsGeneratorDataContainer"
        },
        "SharedSurfaceAreaListArrayPath": {
            "Attribute Matrix Name": "Grain Data",
            "Data Array Name": "SharedSurfaceAreaList",
            "Data Container Name": "SyntheticVolumeDataContainer"
        },
        "SurfaceFeaturesArrayPath": {
            "Attribute Matrix Name": "Grain Data",
            "Data Array Name": "SurfaceFeatures",
            "Data Container Name": "SyntheticVolumeDataContainer"
        },
        "VolumesArrayName": "Volumes"
    },
    "06": {
        "CellEulerAnglesArrayPath": {
            "Attribute Matrix Name": "CellData",
            "Data Array Name": "EulerAngles",
            "Data Container Name": "SyntheticVolumeDataContainer"
        },
        "CellIPFColorsArrayName": "IPFColor",
        "CellPhasesArrayPath": {
            "Attribute Matrix Name": "CellData",
            "Data Array Name": "Phases",
            "Data Container Name": "SyntheticVolumeDataContainer"
        },
        "CrystalStructuresArrayPath": {
            "Attribute Matrix Name": "CellEnsembleData",
            "Data Array Name": "CrystalStructures",
            "Data Container Name": "StatsGeneratorDataContainer"
        },
        "FilterVersion": "6.5.160",
        "Filter_Enabled": true,
        "Filter_Human_Label": "Generate IPF Colors",
        "Filter_Name": "GenerateIPFColors",
        "Filter_Uuid": "{a50e6532-8075-5de5-ab63-945feb0de7f7}",
        "GoodVoxelsArrayPath": {
            "Attribute Matrix Name": "CellData",
            "Data Array Name": "",
            "Data Container Name": "SyntheticVolumeDataContainer"
        },
        "ReferenceDir": {
            "x": 0,
            "y": 0,
            "z": 1
        },
        "UseGoodVoxels": 0
    },
    "07": {
        "CellEulerAnglesArrayPath": {
            "Attribute Matrix Name": "CellData",
            "Data Array Name": "EulerAngles",
            "Data Container Name": "SyntheticVolumeDataContainer"
        },
        "CellPhasesArrayPath": {
            "Attribute Matrix Name": "CellData",
            "Data Array Name": "Phases",
            "Data Container Name": "SyntheticVolumeDataContainer"
        },
        "CompressGeomFile": 1,
        "DataFormat": 0,
        "FeatureIdsArrayPath": {
            "Attribute Matrix Name": "CellData",
            "Data Array Name": "FeatureIds",
            "Data Container Name": "SyntheticVolumeDataContainer"
        },
        "FilterVersion": "1.0.117",
        "Filter_Enabled": true,
        "Filter_Human_Label": "Export DAMASK Files",
        "Filter_Name": "ExportDAMASKFiles",
        "Filter_Uuid": "{7c58e612-d7d6-5ec7-806b-cce0c1c211a3}",
        "GeometryFileName": "",
        "HomogenizationIndex": 1,
        "OutputPath": "/scratch/project_2007935/dream3d_single/postProc"
    },
    "08": {
        "CellFeatureAttributeMatrixPath": {
            "Attribute Matrix Name": "Grain Data",
            "Data Array Name": "",
            "Data Container Name": "SyntheticVolumeDataContainer"
        },
        "DelimiterChoiceInt": 0,
        "FeatureDataFile": "/scratch/project_2007935/dream3d_single/postProc/5.csv",
        "FilterVersion": "1.2.823",
        "Filter_Enabled": true,
        "Filter_Human_Label": "Export Feature Data as CSV File",
        "Filter_Name": "FeatureDataCSVWriter",
        "Filter_Uuid": "{737b8d5a-8622-50f9-9a8a-bfdb57608891}",
        "WriteNeighborListData": 0,
        "WriteNumFeaturesLine": 1
    },
    "09": {
        "CellEulerAnglesArrayPath": {
            "Attribute Matrix Name": "CellData",
            "Data Array Name": "EulerAngles",
            "Data Container Name": "SyntheticVolumeDataContainer"
        },
        "CellPhasesArrayPath": {
            "Attribute Matrix Name": "CellData",
            "Data Array Name": "Phases",
            "Data Container Name": "SyntheticVolumeDataContainer"
        },
        "FeatureIdsArrayPath": {
            "Attribute Matrix Name": "CellData",
            "Data Array Name": "FeatureIds",
            "Data Container Name": "SyntheticVolumeDataContainer"
        },
        "FilterVersion": "6.5.160",
        "Filter_Enabled": true,
        "Filter_Human_Label": "Export Los Alamos FFT File",
        "Filter_Name": "LosAlamosFFTWriter",
        "Filter_Uuid": "{158ebe9e-f772-57e2-ac1b-71ff213cf890}",
        "OutputFile": "/scratch/project_2007935/dream3d_single/postProc/5.txt"
    },
    "10": {
        "FilterVersion": "1.2.823",
        "Filter_Enabled": true,
        "Filter_Human_Label": "Write DREAM.3D Data File",
        "Filter_Name": "DataContainerWriter",
        "Filter_Uuid": "{3fcd4c43-9d75-5b86-aad4-4441bc914f37}",
        "OutputFile": "/scratch/project_2007935/dream3d_single/postProc/01_CubicSingleEquiaxedOut.dream3d",
        "WriteTimeSeries": 0,
        "WriteXdmfFile": 1
    },
    "PipelineBuilder": {
        "Name": "RVE15",
        "Number_Filters": 11,
        "Version": 6
    }
}